{
  "scale": 1.1868371198265055,
  "offset_mm": 0.0,
  "sample_count": 1,
  "rms_error_mm": 110.19707902098014
}
