{
  "scale": 1.4044571502580463,
  "offset_mm": 0.0,
  "sample_count": 1,
  "rms_error_mm": 201.5867875560416
}
