{
  "version": "mk2",
  "frame_size": [
    320,
    240
  ],
  "resolution": "320x240",
  "plane_normal": [
    -0.0885011255132336,
    0.18701379015760147,
    -0.9783626081743821
  ],
  "plane_d": 392.5205189643215,
  "camera_height_mm": 392.5205189643215,
  "measurement_roi": [
    64,
    48,
    192,
    144
  ],
  "residual_std_mm": 2.1923045400945127,
  "created_at": "2026-06-23T08:14:15.093770+00:00"
}
