{
  "version": "mk2",
  "frame_size": [
    320,
    240
  ],
  "resolution": "320x240",
  "plane_normal": [
    0.13105777789020714,
    0.13184113155544167,
    -0.9825689669863699
  ],
  "plane_d": 718.8838066527626,
  "camera_height_mm": 718.8838066527626,
  "measurement_roi": [
    98,
    55,
    206,
    169
  ],
  "residual_std_mm": 2.2705667618740217,
  "normal_alignment": 0.9825689669863699,
  "roi_area_ratio": 0.45330729166666667,
  "native_camera_height_mm": 589.8029209790199,
  "applied_depth_scale": 1.1868371198265055,
  "created_at": "2026-06-24T06:48:04.566881+00:00",
  "platform_mask_file": "platform_plane_mask.npy"
}
